INSERT INTO anjob.SKILL_MST(SKILL_ID, INDUSTRY_ID, JOBTYPE_ID, SKILL_NM, CREATE_TIME, CREATE_BY, UPDATE_TIME) VALUES(DEFAULT,12,147, 'C/C++', NOW(), 'System', NOW());
INSERT INTO anjob.SKILL_MST(SKILL_ID, INDUSTRY_ID, JOBTYPE_ID, SKILL_NM, CREATE_TIME, CREATE_BY, UPDATE_TIME) VALUES(DEFAULT,12,147, 'VB', NOW(), 'System', NOW());
INSERT INTO anjob.SKILL_MST(SKILL_ID, INDUSTRY_ID, JOBTYPE_ID, SKILL_NM, CREATE_TIME, CREATE_BY, UPDATE_TIME) VALUES(DEFAULT,12,147, 'Java', NOW(), 'System', NOW());
INSERT INTO anjob.SKILL_MST(SKILL_ID, INDUSTRY_ID, JOBTYPE_ID, SKILL_NM, CREATE_TIME, CREATE_BY, UPDATE_TIME) VALUES(DEFAULT,12,147, 'COBOL', NOW(), 'System', NOW());
INSERT INTO anjob.SKILL_MST(SKILL_ID, INDUSTRY_ID, JOBTYPE_ID, SKILL_NM, CREATE_TIME, CREATE_BY, UPDATE_TIME) VALUES(DEFAULT,12,147, 'PL/SQL', NOW(), 'System', NOW());
INSERT INTO anjob.SKILL_MST(SKILL_ID, INDUSTRY_ID, JOBTYPE_ID, SKILL_NM, CREATE_TIME, CREATE_BY, UPDATE_TIME) VALUES(DEFAULT,12,147, 'Assembler', NOW(), 'System', NOW());
INSERT INTO anjob.SKILL_MST(SKILL_ID, INDUSTRY_ID, JOBTYPE_ID, SKILL_NM, CREATE_TIME, CREATE_BY, UPDATE_TIME) VALUES(DEFAULT,12,147, 'VC++', NOW(), 'System', NOW());
INSERT INTO anjob.SKILL_MST(SKILL_ID, INDUSTRY_ID, JOBTYPE_ID, SKILL_NM, CREATE_TIME, CREATE_BY, UPDATE_TIME) VALUES(DEFAULT,12,147, 'VBScript', NOW(), 'System', NOW());
INSERT INTO anjob.SKILL_MST(SKILL_ID, INDUSTRY_ID, JOBTYPE_ID, SKILL_NM, CREATE_TIME, CREATE_BY, UPDATE_TIME) VALUES(DEFAULT,12,147, 'JSP', NOW(), 'System', NOW());
INSERT INTO anjob.SKILL_MST(SKILL_ID, INDUSTRY_ID, JOBTYPE_ID, SKILL_NM, CREATE_TIME, CREATE_BY, UPDATE_TIME) VALUES(DEFAULT,12,147, 'Holon', NOW(), 'System', NOW());
INSERT INTO anjob.SKILL_MST(SKILL_ID, INDUSTRY_ID, JOBTYPE_ID, SKILL_NM, CREATE_TIME, CREATE_BY, UPDATE_TIME) VALUES(DEFAULT,12,147, 'T-SQL', NOW(), 'System', NOW());
INSERT INTO anjob.SKILL_MST(SKILL_ID, INDUSTRY_ID, JOBTYPE_ID, SKILL_NM, CREATE_TIME, CREATE_BY, UPDATE_TIME) VALUES(DEFAULT,12,147, 'RPG', NOW(), 'System', NOW());
INSERT INTO anjob.SKILL_MST(SKILL_ID, INDUSTRY_ID, JOBTYPE_ID, SKILL_NM, CREATE_TIME, CREATE_BY, UPDATE_TIME) VALUES(DEFAULT,12,147, 'C#.NET', NOW(), 'System', NOW());
INSERT INTO anjob.SKILL_MST(SKILL_ID, INDUSTRY_ID, JOBTYPE_ID, SKILL_NM, CREATE_TIME, CREATE_BY, UPDATE_TIME) VALUES(DEFAULT,12,147, 'VB.NET', NOW(), 'System', NOW());
INSERT INTO anjob.SKILL_MST(SKILL_ID, INDUSTRY_ID, JOBTYPE_ID, SKILL_NM, CREATE_TIME, CREATE_BY, UPDATE_TIME) VALUES(DEFAULT,12,147, 'JavaScript', NOW(), 'System', NOW());
INSERT INTO anjob.SKILL_MST(SKILL_ID, INDUSTRY_ID, JOBTYPE_ID, SKILL_NM, CREATE_TIME, CREATE_BY, UPDATE_TIME) VALUES(DEFAULT,12,147, 'PHP', NOW(), 'System', NOW());
INSERT INTO anjob.SKILL_MST(SKILL_ID, INDUSTRY_ID, JOBTYPE_ID, SKILL_NM, CREATE_TIME, CREATE_BY, UPDATE_TIME) VALUES(DEFAULT,12,147, 'PL/I', NOW(), 'System', NOW());
INSERT INTO anjob.SKILL_MST(SKILL_ID, INDUSTRY_ID, JOBTYPE_ID, SKILL_NM, CREATE_TIME, CREATE_BY, UPDATE_TIME) VALUES(DEFAULT,12,147, 'Perl', NOW(), 'System', NOW());
INSERT INTO anjob.SKILL_MST(SKILL_ID, INDUSTRY_ID, JOBTYPE_ID, SKILL_NM, CREATE_TIME, CREATE_BY, UPDATE_TIME) VALUES(DEFAULT,12,147, 'Pro*C', NOW(), 'System', NOW());
INSERT INTO anjob.SKILL_MST(SKILL_ID, INDUSTRY_ID, JOBTYPE_ID, SKILL_NM, CREATE_TIME, CREATE_BY, UPDATE_TIME) VALUES(DEFAULT,12,147, 'ASP/ASPX', NOW(), 'System', NOW());
INSERT INTO anjob.SKILL_MST(SKILL_ID, INDUSTRY_ID, JOBTYPE_ID, SKILL_NM, CREATE_TIME, CREATE_BY, UPDATE_TIME) VALUES(DEFAULT,12,147, 'JSON', NOW(), 'System', NOW());
INSERT INTO anjob.SKILL_MST(SKILL_ID, INDUSTRY_ID, JOBTYPE_ID, SKILL_NM, CREATE_TIME, CREATE_BY, UPDATE_TIME) VALUES(DEFAULT,12,147, 'Ruby', NOW(), 'System', NOW());
INSERT INTO anjob.SKILL_MST(SKILL_ID, INDUSTRY_ID, JOBTYPE_ID, SKILL_NM, CREATE_TIME, CREATE_BY, UPDATE_TIME) VALUES(DEFAULT,12,147, 'Shell', NOW(), 'System', NOW());
INSERT INTO anjob.SKILL_MST(SKILL_ID, INDUSTRY_ID, JOBTYPE_ID, SKILL_NM, CREATE_TIME, CREATE_BY, UPDATE_TIME) VALUES(DEFAULT,12,147, 'Delphi', NOW(), 'System', NOW());
INSERT INTO anjob.SKILL_MST(SKILL_ID, INDUSTRY_ID, JOBTYPE_ID, SKILL_NM, CREATE_TIME, CREATE_BY, UPDATE_TIME) VALUES(DEFAULT,12,147, 'Objective-C', NOW(), 'System', NOW());
INSERT INTO anjob.SKILL_MST(SKILL_ID, INDUSTRY_ID, JOBTYPE_ID, SKILL_NM, CREATE_TIME, CREATE_BY, UPDATE_TIME) VALUES(DEFAULT,12,147, 'HTML5', NOW(), 'System', NOW());
INSERT INTO anjob.SKILL_MST(SKILL_ID, INDUSTRY_ID, JOBTYPE_ID, SKILL_NM, CREATE_TIME, CREATE_BY, UPDATE_TIME) VALUES(DEFAULT,12,147, 'XML', NOW(), 'System', NOW());
INSERT INTO anjob.SKILL_MST(SKILL_ID, INDUSTRY_ID, JOBTYPE_ID, SKILL_NM, CREATE_TIME, CREATE_BY, UPDATE_TIME) VALUES(DEFAULT,12,147, 'Python?', NOW(), 'System', NOW());
INSERT INTO anjob.SKILL_MST(SKILL_ID, INDUSTRY_ID, JOBTYPE_ID, SKILL_NM, CREATE_TIME, CREATE_BY, UPDATE_TIME) VALUES(DEFAULT,12,147, 'JCL', NOW(), 'System', NOW());
INSERT INTO anjob.SKILL_MST(SKILL_ID, INDUSTRY_ID, JOBTYPE_ID, SKILL_NM, CREATE_TIME, CREATE_BY, UPDATE_TIME) VALUES(DEFAULT,12,147, 'Swift', NOW(), 'System', NOW());
INSERT INTO anjob.SKILL_MST(SKILL_ID, INDUSTRY_ID, JOBTYPE_ID, SKILL_NM, CREATE_TIME, CREATE_BY, UPDATE_TIME) VALUES(DEFAULT,12,147, 'CSS', NOW(), 'System', NOW());
INSERT INTO anjob.SKILL_MST(SKILL_ID, INDUSTRY_ID, JOBTYPE_ID, SKILL_NM, CREATE_TIME, CREATE_BY, UPDATE_TIME) VALUES(DEFAULT,12,147, 'VBA', NOW(), 'System', NOW());
INSERT INTO anjob.SKILL_MST(SKILL_ID, INDUSTRY_ID, JOBTYPE_ID, SKILL_NM, CREATE_TIME, CREATE_BY, UPDATE_TIME) VALUES(DEFAULT,12,147, 'ABAP', NOW(), 'System', NOW());
INSERT INTO anjob.SKILL_MST(SKILL_ID, INDUSTRY_ID, JOBTYPE_ID, SKILL_NM, CREATE_TIME, CREATE_BY, UPDATE_TIME) VALUES(DEFAULT,12,147, 'jQuery', NOW(), 'System', NOW());
INSERT INTO anjob.SKILL_MST(SKILL_ID, INDUSTRY_ID, JOBTYPE_ID, SKILL_NM, CREATE_TIME, CREATE_BY, UPDATE_TIME) VALUES(DEFAULT,12,147, 'Oracle', NOW(), 'System', NOW());
INSERT INTO anjob.SKILL_MST(SKILL_ID, INDUSTRY_ID, JOBTYPE_ID, SKILL_NM, CREATE_TIME, CREATE_BY, UPDATE_TIME) VALUES(DEFAULT,12,147, 'PostgreSQL', NOW(), 'System', NOW());
INSERT INTO anjob.SKILL_MST(SKILL_ID, INDUSTRY_ID, JOBTYPE_ID, SKILL_NM, CREATE_TIME, CREATE_BY, UPDATE_TIME) VALUES(DEFAULT,12,147, 'SQLServer', NOW(), 'System', NOW());
INSERT INTO anjob.SKILL_MST(SKILL_ID, INDUSTRY_ID, JOBTYPE_ID, SKILL_NM, CREATE_TIME, CREATE_BY, UPDATE_TIME) VALUES(DEFAULT,12,147, 'MySQL', NOW(), 'System', NOW());
INSERT INTO anjob.SKILL_MST(SKILL_ID, INDUSTRY_ID, JOBTYPE_ID, SKILL_NM, CREATE_TIME, CREATE_BY, UPDATE_TIME) VALUES(DEFAULT,12,147, 'DB2', NOW(), 'System', NOW());
INSERT INTO anjob.SKILL_MST(SKILL_ID, INDUSTRY_ID, JOBTYPE_ID, SKILL_NM, CREATE_TIME, CREATE_BY, UPDATE_TIME) VALUES(DEFAULT,12,147, 'Symfoware', NOW(), 'System', NOW());
INSERT INTO anjob.SKILL_MST(SKILL_ID, INDUSTRY_ID, JOBTYPE_ID, SKILL_NM, CREATE_TIME, CREATE_BY, UPDATE_TIME) VALUES(DEFAULT,12,147, 'Sybase', NOW(), 'System', NOW());
INSERT INTO anjob.SKILL_MST(SKILL_ID, INDUSTRY_ID, JOBTYPE_ID, SKILL_NM, CREATE_TIME, CREATE_BY, UPDATE_TIME) VALUES(DEFAULT,12,147, 'Informix', NOW(), 'System', NOW());
INSERT INTO anjob.SKILL_MST(SKILL_ID, INDUSTRY_ID, JOBTYPE_ID, SKILL_NM, CREATE_TIME, CREATE_BY, UPDATE_TIME) VALUES(DEFAULT,12,147, 'HiRDB', NOW(), 'System', NOW());
INSERT INTO anjob.SKILL_MST(SKILL_ID, INDUSTRY_ID, JOBTYPE_ID, SKILL_NM, CREATE_TIME, CREATE_BY, UPDATE_TIME) VALUES(DEFAULT,12,147, 'Access', NOW(), 'System', NOW());
INSERT INTO anjob.SKILL_MST(SKILL_ID, INDUSTRY_ID, JOBTYPE_ID, SKILL_NM, CREATE_TIME, CREATE_BY, UPDATE_TIME) VALUES(DEFAULT,12,147, 'TERADATA', NOW(), 'System', NOW());
INSERT INTO anjob.SKILL_MST(SKILL_ID, INDUSTRY_ID, JOBTYPE_ID, SKILL_NM, CREATE_TIME, CREATE_BY, UPDATE_TIME) VALUES(DEFAULT,12,147, 'NoSQL', NOW(), 'System', NOW());
INSERT INTO anjob.SKILL_MST(SKILL_ID, INDUSTRY_ID, JOBTYPE_ID, SKILL_NM, CREATE_TIME, CREATE_BY, UPDATE_TIME) VALUES(DEFAULT,12,147, 'DataStage', NOW(), 'System', NOW());
INSERT INTO anjob.SKILL_MST(SKILL_ID, INDUSTRY_ID, JOBTYPE_ID, SKILL_NM, CREATE_TIME, CREATE_BY, UPDATE_TIME) VALUES(DEFAULT,12,147, 'PowerCenter', NOW(), 'System', NOW());
INSERT INTO anjob.SKILL_MST(SKILL_ID, INDUSTRY_ID, JOBTYPE_ID, SKILL_NM, CREATE_TIME, CREATE_BY, UPDATE_TIME) VALUES(DEFAULT,12,147, 'Talend', NOW(), 'System', NOW());
INSERT INTO anjob.SKILL_MST(SKILL_ID, INDUSTRY_ID, JOBTYPE_ID, SKILL_NM, CREATE_TIME, CREATE_BY, UPDATE_TIME) VALUES(DEFAULT,12,147, 'DataSpider', NOW(), 'System', NOW());
INSERT INTO anjob.SKILL_MST(SKILL_ID, INDUSTRY_ID, JOBTYPE_ID, SKILL_NM, CREATE_TIME, CREATE_BY, UPDATE_TIME) VALUES(DEFAULT,12,147, 'SAP/BO', NOW(), 'System', NOW());
INSERT INTO anjob.SKILL_MST(SKILL_ID, INDUSTRY_ID, JOBTYPE_ID, SKILL_NM, CREATE_TIME, CREATE_BY, UPDATE_TIME) VALUES(DEFAULT,12,147, 'Struts', NOW(), 'System', NOW());
INSERT INTO anjob.SKILL_MST(SKILL_ID, INDUSTRY_ID, JOBTYPE_ID, SKILL_NM, CREATE_TIME, CREATE_BY, UPDATE_TIME) VALUES(DEFAULT,12,147, 'Mybits', NOW(), 'System', NOW());
INSERT INTO anjob.SKILL_MST(SKILL_ID, INDUSTRY_ID, JOBTYPE_ID, SKILL_NM, CREATE_TIME, CREATE_BY, UPDATE_TIME) VALUES(DEFAULT,12,147, 'Seaser2', NOW(), 'System', NOW());
INSERT INTO anjob.SKILL_MST(SKILL_ID, INDUSTRY_ID, JOBTYPE_ID, SKILL_NM, CREATE_TIME, CREATE_BY, UPDATE_TIME) VALUES(DEFAULT,12,147, 'TERASOLUNA', NOW(), 'System', NOW());
INSERT INTO anjob.SKILL_MST(SKILL_ID, INDUSTRY_ID, JOBTYPE_ID, SKILL_NM, CREATE_TIME, CREATE_BY, UPDATE_TIME) VALUES(DEFAULT,12,147, 'Spring', NOW(), 'System', NOW());
INSERT INTO anjob.SKILL_MST(SKILL_ID, INDUSTRY_ID, JOBTYPE_ID, SKILL_NM, CREATE_TIME, CREATE_BY, UPDATE_TIME) VALUES(DEFAULT,12,147, 'intra-mart', NOW(), 'System', NOW());
INSERT INTO anjob.SKILL_MST(SKILL_ID, INDUSTRY_ID, JOBTYPE_ID, SKILL_NM, CREATE_TIME, CREATE_BY, UPDATE_TIME) VALUES(DEFAULT,12,147, 'JSF', NOW(), 'System', NOW());
INSERT INTO anjob.SKILL_MST(SKILL_ID, INDUSTRY_ID, JOBTYPE_ID, SKILL_NM, CREATE_TIME, CREATE_BY, UPDATE_TIME) VALUES(DEFAULT,12,147, 'Hibernate', NOW(), 'System', NOW());
INSERT INTO anjob.SKILL_MST(SKILL_ID, INDUSTRY_ID, JOBTYPE_ID, SKILL_NM, CREATE_TIME, CREATE_BY, UPDATE_TIME) VALUES(DEFAULT,12,147, 'Ajax', NOW(), 'System', NOW());
INSERT INTO anjob.SKILL_MST(SKILL_ID, INDUSTRY_ID, JOBTYPE_ID, SKILL_NM, CREATE_TIME, CREATE_BY, UPDATE_TIME) VALUES(DEFAULT,12,147, 'iBATIS', NOW(), 'System', NOW());
INSERT INTO anjob.SKILL_MST(SKILL_ID, INDUSTRY_ID, JOBTYPE_ID, SKILL_NM, CREATE_TIME, CREATE_BY, UPDATE_TIME) VALUES(DEFAULT,12,147, 'CakePHP', NOW(), 'System', NOW());
INSERT INTO anjob.SKILL_MST(SKILL_ID, INDUSTRY_ID, JOBTYPE_ID, SKILL_NM, CREATE_TIME, CREATE_BY, UPDATE_TIME) VALUES(DEFAULT,12,147, 'WebLogic', NOW(), 'System', NOW());
INSERT INTO anjob.SKILL_MST(SKILL_ID, INDUSTRY_ID, JOBTYPE_ID, SKILL_NM, CREATE_TIME, CREATE_BY, UPDATE_TIME) VALUES(DEFAULT,12,147, 'Nginx', NOW(), 'System', NOW());
INSERT INTO anjob.SKILL_MST(SKILL_ID, INDUSTRY_ID, JOBTYPE_ID, SKILL_NM, CREATE_TIME, CREATE_BY, UPDATE_TIME) VALUES(DEFAULT,12,147, 'WebSphere', NOW(), 'System', NOW());
INSERT INTO anjob.SKILL_MST(SKILL_ID, INDUSTRY_ID, JOBTYPE_ID, SKILL_NM, CREATE_TIME, CREATE_BY, UPDATE_TIME) VALUES(DEFAULT,12,147, 'git', NOW(), 'System', NOW());
INSERT INTO anjob.SKILL_MST(SKILL_ID, INDUSTRY_ID, JOBTYPE_ID, SKILL_NM, CREATE_TIME, CREATE_BY, UPDATE_TIME) VALUES(DEFAULT,12,147, 'Apache', NOW(), 'System', NOW());
INSERT INTO anjob.SKILL_MST(SKILL_ID, INDUSTRY_ID, JOBTYPE_ID, SKILL_NM, CREATE_TIME, CREATE_BY, UPDATE_TIME) VALUES(DEFAULT,12,147, 'Jboss', NOW(), 'System', NOW());
INSERT INTO anjob.SKILL_MST(SKILL_ID, INDUSTRY_ID, JOBTYPE_ID, SKILL_NM, CREATE_TIME, CREATE_BY, UPDATE_TIME) VALUES(DEFAULT,12,147, 'IIS', NOW(), 'System', NOW());
INSERT INTO anjob.SKILL_MST(SKILL_ID, INDUSTRY_ID, JOBTYPE_ID, SKILL_NM, CREATE_TIME, CREATE_BY, UPDATE_TIME) VALUES(DEFAULT,12,147, 'VMWare', NOW(), 'System', NOW());
INSERT INTO anjob.SKILL_MST(SKILL_ID, INDUSTRY_ID, JOBTYPE_ID, SKILL_NM, CREATE_TIME, CREATE_BY, UPDATE_TIME) VALUES(DEFAULT,12,147, 'Salesforce', NOW(), 'System', NOW());
INSERT INTO anjob.SKILL_MST(SKILL_ID, INDUSTRY_ID, JOBTYPE_ID, SKILL_NM, CREATE_TIME, CREATE_BY, UPDATE_TIME) VALUES(DEFAULT,12,147, 'AWS', NOW(), 'System', NOW());
INSERT INTO anjob.SKILL_MST(SKILL_ID, INDUSTRY_ID, JOBTYPE_ID, SKILL_NM, CREATE_TIME, CREATE_BY, UPDATE_TIME) VALUES(DEFAULT,12,147, 'Dynamics', NOW(), 'System', NOW());
INSERT INTO anjob.SKILL_MST(SKILL_ID, INDUSTRY_ID, JOBTYPE_ID, SKILL_NM, CREATE_TIME, CREATE_BY, UPDATE_TIME) VALUES(DEFAULT,12,147, 'Xen', NOW(), 'System', NOW());
INSERT INTO anjob.SKILL_MST(SKILL_ID, INDUSTRY_ID, JOBTYPE_ID, SKILL_NM, CREATE_TIME, CREATE_BY, UPDATE_TIME) VALUES(DEFAULT,12,147, 'Oracle EBS', NOW(), 'System', NOW());
INSERT INTO anjob.SKILL_MST(SKILL_ID, INDUSTRY_ID, JOBTYPE_ID, SKILL_NM, CREATE_TIME, CREATE_BY, UPDATE_TIME) VALUES(DEFAULT,12,147, 'Azure', NOW(), 'System', NOW());
INSERT INTO anjob.SKILL_MST(SKILL_ID, INDUSTRY_ID, JOBTYPE_ID, SKILL_NM, CREATE_TIME, CREATE_BY, UPDATE_TIME) VALUES(DEFAULT,12,147, 'OpenStack', NOW(), 'System', NOW());
INSERT INTO anjob.SKILL_MST(SKILL_ID, INDUSTRY_ID, JOBTYPE_ID, SKILL_NM, CREATE_TIME, CREATE_BY, UPDATE_TIME) VALUES(DEFAULT,12,147, 'Hadoop', NOW(), 'System', NOW());
INSERT INTO anjob.SKILL_MST(SKILL_ID, INDUSTRY_ID, JOBTYPE_ID, SKILL_NM, CREATE_TIME, CREATE_BY, UPDATE_TIME) VALUES(DEFAULT,1,1, '‚»‚Ì‘¼', NOW(), 'System', NOW());
INSERT INTO anjob.SKILL_MST(SKILL_ID, INDUSTRY_ID, JOBTYPE_ID, SKILL_NM, CREATE_TIME, CREATE_BY, UPDATE_TIME) VALUES(DEFAULT,1,2, '‚»‚Ì‘¼', NOW(), 'System', NOW());
INSERT INTO anjob.SKILL_MST(SKILL_ID, INDUSTRY_ID, JOBTYPE_ID, SKILL_NM, CREATE_TIME, CREATE_BY, UPDATE_TIME) VALUES(DEFAULT,1,3, '‚»‚Ì‘¼', NOW(), 'System', NOW());
INSERT INTO anjob.SKILL_MST(SKILL_ID, INDUSTRY_ID, JOBTYPE_ID, SKILL_NM, CREATE_TIME, CREATE_BY, UPDATE_TIME) VALUES(DEFAULT,1,4, '‚»‚Ì‘¼', NOW(), 'System', NOW());
INSERT INTO anjob.SKILL_MST(SKILL_ID, INDUSTRY_ID, JOBTYPE_ID, SKILL_NM, CREATE_TIME, CREATE_BY, UPDATE_TIME) VALUES(DEFAULT,1,5, '‚»‚Ì‘¼', NOW(), 'System', NOW());
INSERT INTO anjob.SKILL_MST(SKILL_ID, INDUSTRY_ID, JOBTYPE_ID, SKILL_NM, CREATE_TIME, CREATE_BY, UPDATE_TIME) VALUES(DEFAULT,1,6, '‚»‚Ì‘¼', NOW(), 'System', NOW());
INSERT INTO anjob.SKILL_MST(SKILL_ID, INDUSTRY_ID, JOBTYPE_ID, SKILL_NM, CREATE_TIME, CREATE_BY, UPDATE_TIME) VALUES(DEFAULT,1,7, '‚»‚Ì‘¼', NOW(), 'System', NOW());
INSERT INTO anjob.SKILL_MST(SKILL_ID, INDUSTRY_ID, JOBTYPE_ID, SKILL_NM, CREATE_TIME, CREATE_BY, UPDATE_TIME) VALUES(DEFAULT,1,8, '‚»‚Ì‘¼', NOW(), 'System', NOW());
INSERT INTO anjob.SKILL_MST(SKILL_ID, INDUSTRY_ID, JOBTYPE_ID, SKILL_NM, CREATE_TIME, CREATE_BY, UPDATE_TIME) VALUES(DEFAULT,1,9, '‚»‚Ì‘¼', NOW(), 'System', NOW());
INSERT INTO anjob.SKILL_MST(SKILL_ID, INDUSTRY_ID, JOBTYPE_ID, SKILL_NM, CREATE_TIME, CREATE_BY, UPDATE_TIME) VALUES(DEFAULT,2,10, '‚»‚Ì‘¼', NOW(), 'System', NOW());
INSERT INTO anjob.SKILL_MST(SKILL_ID, INDUSTRY_ID, JOBTYPE_ID, SKILL_NM, CREATE_TIME, CREATE_BY, UPDATE_TIME) VALUES(DEFAULT,2,11, '‚»‚Ì‘¼', NOW(), 'System', NOW());
INSERT INTO anjob.SKILL_MST(SKILL_ID, INDUSTRY_ID, JOBTYPE_ID, SKILL_NM, CREATE_TIME, CREATE_BY, UPDATE_TIME) VALUES(DEFAULT,2,12, '‚»‚Ì‘¼', NOW(), 'System', NOW());
INSERT INTO anjob.SKILL_MST(SKILL_ID, INDUSTRY_ID, JOBTYPE_ID, SKILL_NM, CREATE_TIME, CREATE_BY, UPDATE_TIME) VALUES(DEFAULT,2,13, '‚»‚Ì‘¼', NOW(), 'System', NOW());
INSERT INTO anjob.SKILL_MST(SKILL_ID, INDUSTRY_ID, JOBTYPE_ID, SKILL_NM, CREATE_TIME, CREATE_BY, UPDATE_TIME) VALUES(DEFAULT,2,14, '‚»‚Ì‘¼', NOW(), 'System', NOW());
INSERT INTO anjob.SKILL_MST(SKILL_ID, INDUSTRY_ID, JOBTYPE_ID, SKILL_NM, CREATE_TIME, CREATE_BY, UPDATE_TIME) VALUES(DEFAULT,2,15, '‚»‚Ì‘¼', NOW(), 'System', NOW());
INSERT INTO anjob.SKILL_MST(SKILL_ID, INDUSTRY_ID, JOBTYPE_ID, SKILL_NM, CREATE_TIME, CREATE_BY, UPDATE_TIME) VALUES(DEFAULT,2,16, '‚»‚Ì‘¼', NOW(), 'System', NOW());
INSERT INTO anjob.SKILL_MST(SKILL_ID, INDUSTRY_ID, JOBTYPE_ID, SKILL_NM, CREATE_TIME, CREATE_BY, UPDATE_TIME) VALUES(DEFAULT,2,17, '‚»‚Ì‘¼', NOW(), 'System', NOW());
INSERT INTO anjob.SKILL_MST(SKILL_ID, INDUSTRY_ID, JOBTYPE_ID, SKILL_NM, CREATE_TIME, CREATE_BY, UPDATE_TIME) VALUES(DEFAULT,2,18, '‚»‚Ì‘¼', NOW(), 'System', NOW());
INSERT INTO anjob.SKILL_MST(SKILL_ID, INDUSTRY_ID, JOBTYPE_ID, SKILL_NM, CREATE_TIME, CREATE_BY, UPDATE_TIME) VALUES(DEFAULT,2,19, '‚»‚Ì‘¼', NOW(), 'System', NOW());
INSERT INTO anjob.SKILL_MST(SKILL_ID, INDUSTRY_ID, JOBTYPE_ID, SKILL_NM, CREATE_TIME, CREATE_BY, UPDATE_TIME) VALUES(DEFAULT,3,20, '‚»‚Ì‘¼', NOW(), 'System', NOW());
INSERT INTO anjob.SKILL_MST(SKILL_ID, INDUSTRY_ID, JOBTYPE_ID, SKILL_NM, CREATE_TIME, CREATE_BY, UPDATE_TIME) VALUES(DEFAULT,3,21, '‚»‚Ì‘¼', NOW(), 'System', NOW());
INSERT INTO anjob.SKILL_MST(SKILL_ID, INDUSTRY_ID, JOBTYPE_ID, SKILL_NM, CREATE_TIME, CREATE_BY, UPDATE_TIME) VALUES(DEFAULT,3,22, '‚»‚Ì‘¼', NOW(), 'System', NOW());
INSERT INTO anjob.SKILL_MST(SKILL_ID, INDUSTRY_ID, JOBTYPE_ID, SKILL_NM, CREATE_TIME, CREATE_BY, UPDATE_TIME) VALUES(DEFAULT,3,23, '‚»‚Ì‘¼', NOW(), 'System', NOW());
INSERT INTO anjob.SKILL_MST(SKILL_ID, INDUSTRY_ID, JOBTYPE_ID, SKILL_NM, CREATE_TIME, CREATE_BY, UPDATE_TIME) VALUES(DEFAULT,3,24, '‚»‚Ì‘¼', NOW(), 'System', NOW());
INSERT INTO anjob.SKILL_MST(SKILL_ID, INDUSTRY_ID, JOBTYPE_ID, SKILL_NM, CREATE_TIME, CREATE_BY, UPDATE_TIME) VALUES(DEFAULT,3,25, '‚»‚Ì‘¼', NOW(), 'System', NOW());
INSERT INTO anjob.SKILL_MST(SKILL_ID, INDUSTRY_ID, JOBTYPE_ID, SKILL_NM, CREATE_TIME, CREATE_BY, UPDATE_TIME) VALUES(DEFAULT,3,26, '‚»‚Ì‘¼', NOW(), 'System', NOW());
INSERT INTO anjob.SKILL_MST(SKILL_ID, INDUSTRY_ID, JOBTYPE_ID, SKILL_NM, CREATE_TIME, CREATE_BY, UPDATE_TIME) VALUES(DEFAULT,3,27, '‚»‚Ì‘¼', NOW(), 'System', NOW());
INSERT INTO anjob.SKILL_MST(SKILL_ID, INDUSTRY_ID, JOBTYPE_ID, SKILL_NM, CREATE_TIME, CREATE_BY, UPDATE_TIME) VALUES(DEFAULT,3,28, '‚»‚Ì‘¼', NOW(), 'System', NOW());
INSERT INTO anjob.SKILL_MST(SKILL_ID, INDUSTRY_ID, JOBTYPE_ID, SKILL_NM, CREATE_TIME, CREATE_BY, UPDATE_TIME) VALUES(DEFAULT,3,29, '‚»‚Ì‘¼', NOW(), 'System', NOW());
INSERT INTO anjob.SKILL_MST(SKILL_ID, INDUSTRY_ID, JOBTYPE_ID, SKILL_NM, CREATE_TIME, CREATE_BY, UPDATE_TIME) VALUES(DEFAULT,3,30, '‚»‚Ì‘¼', NOW(), 'System', NOW());
INSERT INTO anjob.SKILL_MST(SKILL_ID, INDUSTRY_ID, JOBTYPE_ID, SKILL_NM, CREATE_TIME, CREATE_BY, UPDATE_TIME) VALUES(DEFAULT,3,31, '‚»‚Ì‘¼', NOW(), 'System', NOW());
INSERT INTO anjob.SKILL_MST(SKILL_ID, INDUSTRY_ID, JOBTYPE_ID, SKILL_NM, CREATE_TIME, CREATE_BY, UPDATE_TIME) VALUES(DEFAULT,3,32, '‚»‚Ì‘¼', NOW(), 'System', NOW());
INSERT INTO anjob.SKILL_MST(SKILL_ID, INDUSTRY_ID, JOBTYPE_ID, SKILL_NM, CREATE_TIME, CREATE_BY, UPDATE_TIME) VALUES(DEFAULT,3,33, '‚»‚Ì‘¼', NOW(), 'System', NOW());
INSERT INTO anjob.SKILL_MST(SKILL_ID, INDUSTRY_ID, JOBTYPE_ID, SKILL_NM, CREATE_TIME, CREATE_BY, UPDATE_TIME) VALUES(DEFAULT,4,34, '‚»‚Ì‘¼', NOW(), 'System', NOW());
INSERT INTO anjob.SKILL_MST(SKILL_ID, INDUSTRY_ID, JOBTYPE_ID, SKILL_NM, CREATE_TIME, CREATE_BY, UPDATE_TIME) VALUES(DEFAULT,4,35, '‚»‚Ì‘¼', NOW(), 'System', NOW());
INSERT INTO anjob.SKILL_MST(SKILL_ID, INDUSTRY_ID, JOBTYPE_ID, SKILL_NM, CREATE_TIME, CREATE_BY, UPDATE_TIME) VALUES(DEFAULT,4,36, '‚»‚Ì‘¼', NOW(), 'System', NOW());
INSERT INTO anjob.SKILL_MST(SKILL_ID, INDUSTRY_ID, JOBTYPE_ID, SKILL_NM, CREATE_TIME, CREATE_BY, UPDATE_TIME) VALUES(DEFAULT,4,37, '‚»‚Ì‘¼', NOW(), 'System', NOW());
INSERT INTO anjob.SKILL_MST(SKILL_ID, INDUSTRY_ID, JOBTYPE_ID, SKILL_NM, CREATE_TIME, CREATE_BY, UPDATE_TIME) VALUES(DEFAULT,4,38, '‚»‚Ì‘¼', NOW(), 'System', NOW());
INSERT INTO anjob.SKILL_MST(SKILL_ID, INDUSTRY_ID, JOBTYPE_ID, SKILL_NM, CREATE_TIME, CREATE_BY, UPDATE_TIME) VALUES(DEFAULT,4,39, '‚»‚Ì‘¼', NOW(), 'System', NOW());
INSERT INTO anjob.SKILL_MST(SKILL_ID, INDUSTRY_ID, JOBTYPE_ID, SKILL_NM, CREATE_TIME, CREATE_BY, UPDATE_TIME) VALUES(DEFAULT,4,40, '‚»‚Ì‘¼', NOW(), 'System', NOW());
INSERT INTO anjob.SKILL_MST(SKILL_ID, INDUSTRY_ID, JOBTYPE_ID, SKILL_NM, CREATE_TIME, CREATE_BY, UPDATE_TIME) VALUES(DEFAULT,4,41, '‚»‚Ì‘¼', NOW(), 'System', NOW());
INSERT INTO anjob.SKILL_MST(SKILL_ID, INDUSTRY_ID, JOBTYPE_ID, SKILL_NM, CREATE_TIME, CREATE_BY, UPDATE_TIME) VALUES(DEFAULT,4,42, '‚»‚Ì‘¼', NOW(), 'System', NOW());
INSERT INTO anjob.SKILL_MST(SKILL_ID, INDUSTRY_ID, JOBTYPE_ID, SKILL_NM, CREATE_TIME, CREATE_BY, UPDATE_TIME) VALUES(DEFAULT,4,43, '‚»‚Ì‘¼', NOW(), 'System', NOW());
INSERT INTO anjob.SKILL_MST(SKILL_ID, INDUSTRY_ID, JOBTYPE_ID, SKILL_NM, CREATE_TIME, CREATE_BY, UPDATE_TIME) VALUES(DEFAULT,4,44, '‚»‚Ì‘¼', NOW(), 'System', NOW());
INSERT INTO anjob.SKILL_MST(SKILL_ID, INDUSTRY_ID, JOBTYPE_ID, SKILL_NM, CREATE_TIME, CREATE_BY, UPDATE_TIME) VALUES(DEFAULT,4,45, '‚»‚Ì‘¼', NOW(), 'System', NOW());
INSERT INTO anjob.SKILL_MST(SKILL_ID, INDUSTRY_ID, JOBTYPE_ID, SKILL_NM, CREATE_TIME, CREATE_BY, UPDATE_TIME) VALUES(DEFAULT,4,46, '‚»‚Ì‘¼', NOW(), 'System', NOW());
INSERT INTO anjob.SKILL_MST(SKILL_ID, INDUSTRY_ID, JOBTYPE_ID, SKILL_NM, CREATE_TIME, CREATE_BY, UPDATE_TIME) VALUES(DEFAULT,4,47, '‚»‚Ì‘¼', NOW(), 'System', NOW());
INSERT INTO anjob.SKILL_MST(SKILL_ID, INDUSTRY_ID, JOBTYPE_ID, SKILL_NM, CREATE_TIME, CREATE_BY, UPDATE_TIME) VALUES(DEFAULT,4,48, '‚»‚Ì‘¼', NOW(), 'System', NOW());
INSERT INTO anjob.SKILL_MST(SKILL_ID, INDUSTRY_ID, JOBTYPE_ID, SKILL_NM, CREATE_TIME, CREATE_BY, UPDATE_TIME) VALUES(DEFAULT,4,49, '‚»‚Ì‘¼', NOW(), 'System', NOW());
INSERT INTO anjob.SKILL_MST(SKILL_ID, INDUSTRY_ID, JOBTYPE_ID, SKILL_NM, CREATE_TIME, CREATE_BY, UPDATE_TIME) VALUES(DEFAULT,4,50, '‚»‚Ì‘¼', NOW(), 'System', NOW());
INSERT INTO anjob.SKILL_MST(SKILL_ID, INDUSTRY_ID, JOBTYPE_ID, SKILL_NM, CREATE_TIME, CREATE_BY, UPDATE_TIME) VALUES(DEFAULT,4,51, '‚»‚Ì‘¼', NOW(), 'System', NOW());
INSERT INTO anjob.SKILL_MST(SKILL_ID, INDUSTRY_ID, JOBTYPE_ID, SKILL_NM, CREATE_TIME, CREATE_BY, UPDATE_TIME) VALUES(DEFAULT,4,52, '‚»‚Ì‘¼', NOW(), 'System', NOW());
INSERT INTO anjob.SKILL_MST(SKILL_ID, INDUSTRY_ID, JOBTYPE_ID, SKILL_NM, CREATE_TIME, CREATE_BY, UPDATE_TIME) VALUES(DEFAULT,5,53, '‚»‚Ì‘¼', NOW(), 'System', NOW());
INSERT INTO anjob.SKILL_MST(SKILL_ID, INDUSTRY_ID, JOBTYPE_ID, SKILL_NM, CREATE_TIME, CREATE_BY, UPDATE_TIME) VALUES(DEFAULT,5,54, '‚»‚Ì‘¼', NOW(), 'System', NOW());
INSERT INTO anjob.SKILL_MST(SKILL_ID, INDUSTRY_ID, JOBTYPE_ID, SKILL_NM, CREATE_TIME, CREATE_BY, UPDATE_TIME) VALUES(DEFAULT,5,55, '‚»‚Ì‘¼', NOW(), 'System', NOW());
INSERT INTO anjob.SKILL_MST(SKILL_ID, INDUSTRY_ID, JOBTYPE_ID, SKILL_NM, CREATE_TIME, CREATE_BY, UPDATE_TIME) VALUES(DEFAULT,5,56, '‚»‚Ì‘¼', NOW(), 'System', NOW());
INSERT INTO anjob.SKILL_MST(SKILL_ID, INDUSTRY_ID, JOBTYPE_ID, SKILL_NM, CREATE_TIME, CREATE_BY, UPDATE_TIME) VALUES(DEFAULT,5,57, '‚»‚Ì‘¼', NOW(), 'System', NOW());
INSERT INTO anjob.SKILL_MST(SKILL_ID, INDUSTRY_ID, JOBTYPE_ID, SKILL_NM, CREATE_TIME, CREATE_BY, UPDATE_TIME) VALUES(DEFAULT,5,58, '‚»‚Ì‘¼', NOW(), 'System', NOW());
INSERT INTO anjob.SKILL_MST(SKILL_ID, INDUSTRY_ID, JOBTYPE_ID, SKILL_NM, CREATE_TIME, CREATE_BY, UPDATE_TIME) VALUES(DEFAULT,5,59, '‚»‚Ì‘¼', NOW(), 'System', NOW());
INSERT INTO anjob.SKILL_MST(SKILL_ID, INDUSTRY_ID, JOBTYPE_ID, SKILL_NM, CREATE_TIME, CREATE_BY, UPDATE_TIME) VALUES(DEFAULT,5,60, '‚»‚Ì‘¼', NOW(), 'System', NOW());
INSERT INTO anjob.SKILL_MST(SKILL_ID, INDUSTRY_ID, JOBTYPE_ID, SKILL_NM, CREATE_TIME, CREATE_BY, UPDATE_TIME) VALUES(DEFAULT,5,61, '‚»‚Ì‘¼', NOW(), 'System', NOW());
INSERT INTO anjob.SKILL_MST(SKILL_ID, INDUSTRY_ID, JOBTYPE_ID, SKILL_NM, CREATE_TIME, CREATE_BY, UPDATE_TIME) VALUES(DEFAULT,5,62, '‚»‚Ì‘¼', NOW(), 'System', NOW());
INSERT INTO anjob.SKILL_MST(SKILL_ID, INDUSTRY_ID, JOBTYPE_ID, SKILL_NM, CREATE_TIME, CREATE_BY, UPDATE_TIME) VALUES(DEFAULT,5,63, '‚»‚Ì‘¼', NOW(), 'System', NOW());
INSERT INTO anjob.SKILL_MST(SKILL_ID, INDUSTRY_ID, JOBTYPE_ID, SKILL_NM, CREATE_TIME, CREATE_BY, UPDATE_TIME) VALUES(DEFAULT,5,64, '‚»‚Ì‘¼', NOW(), 'System', NOW());
INSERT INTO anjob.SKILL_MST(SKILL_ID, INDUSTRY_ID, JOBTYPE_ID, SKILL_NM, CREATE_TIME, CREATE_BY, UPDATE_TIME) VALUES(DEFAULT,5,65, '‚»‚Ì‘¼', NOW(), 'System', NOW());
INSERT INTO anjob.SKILL_MST(SKILL_ID, INDUSTRY_ID, JOBTYPE_ID, SKILL_NM, CREATE_TIME, CREATE_BY, UPDATE_TIME) VALUES(DEFAULT,5,66, '‚»‚Ì‘¼', NOW(), 'System', NOW());
INSERT INTO anjob.SKILL_MST(SKILL_ID, INDUSTRY_ID, JOBTYPE_ID, SKILL_NM, CREATE_TIME, CREATE_BY, UPDATE_TIME) VALUES(DEFAULT,5,67, '‚»‚Ì‘¼', NOW(), 'System', NOW());
INSERT INTO anjob.SKILL_MST(SKILL_ID, INDUSTRY_ID, JOBTYPE_ID, SKILL_NM, CREATE_TIME, CREATE_BY, UPDATE_TIME) VALUES(DEFAULT,5,68, '‚»‚Ì‘¼', NOW(), 'System', NOW());
INSERT INTO anjob.SKILL_MST(SKILL_ID, INDUSTRY_ID, JOBTYPE_ID, SKILL_NM, CREATE_TIME, CREATE_BY, UPDATE_TIME) VALUES(DEFAULT,5,69, '‚»‚Ì‘¼', NOW(), 'System', NOW());
INSERT INTO anjob.SKILL_MST(SKILL_ID, INDUSTRY_ID, JOBTYPE_ID, SKILL_NM, CREATE_TIME, CREATE_BY, UPDATE_TIME) VALUES(DEFAULT,5,70, '‚»‚Ì‘¼', NOW(), 'System', NOW());
INSERT INTO anjob.SKILL_MST(SKILL_ID, INDUSTRY_ID, JOBTYPE_ID, SKILL_NM, CREATE_TIME, CREATE_BY, UPDATE_TIME) VALUES(DEFAULT,5,71, '‚»‚Ì‘¼', NOW(), 'System', NOW());
INSERT INTO anjob.SKILL_MST(SKILL_ID, INDUSTRY_ID, JOBTYPE_ID, SKILL_NM, CREATE_TIME, CREATE_BY, UPDATE_TIME) VALUES(DEFAULT,5,72, '‚»‚Ì‘¼', NOW(), 'System', NOW());
INSERT INTO anjob.SKILL_MST(SKILL_ID, INDUSTRY_ID, JOBTYPE_ID, SKILL_NM, CREATE_TIME, CREATE_BY, UPDATE_TIME) VALUES(DEFAULT,6,73, '‚»‚Ì‘¼', NOW(), 'System', NOW());
INSERT INTO anjob.SKILL_MST(SKILL_ID, INDUSTRY_ID, JOBTYPE_ID, SKILL_NM, CREATE_TIME, CREATE_BY, UPDATE_TIME) VALUES(DEFAULT,6,74, '‚»‚Ì‘¼', NOW(), 'System', NOW());
INSERT INTO anjob.SKILL_MST(SKILL_ID, INDUSTRY_ID, JOBTYPE_ID, SKILL_NM, CREATE_TIME, CREATE_BY, UPDATE_TIME) VALUES(DEFAULT,6,75, '‚»‚Ì‘¼', NOW(), 'System', NOW());
INSERT INTO anjob.SKILL_MST(SKILL_ID, INDUSTRY_ID, JOBTYPE_ID, SKILL_NM, CREATE_TIME, CREATE_BY, UPDATE_TIME) VALUES(DEFAULT,6,76, '‚»‚Ì‘¼', NOW(), 'System', NOW());
INSERT INTO anjob.SKILL_MST(SKILL_ID, INDUSTRY_ID, JOBTYPE_ID, SKILL_NM, CREATE_TIME, CREATE_BY, UPDATE_TIME) VALUES(DEFAULT,6,77, '‚»‚Ì‘¼', NOW(), 'System', NOW());
INSERT INTO anjob.SKILL_MST(SKILL_ID, INDUSTRY_ID, JOBTYPE_ID, SKILL_NM, CREATE_TIME, CREATE_BY, UPDATE_TIME) VALUES(DEFAULT,6,78, '‚»‚Ì‘¼', NOW(), 'System', NOW());
INSERT INTO anjob.SKILL_MST(SKILL_ID, INDUSTRY_ID, JOBTYPE_ID, SKILL_NM, CREATE_TIME, CREATE_BY, UPDATE_TIME) VALUES(DEFAULT,6,79, '‚»‚Ì‘¼', NOW(), 'System', NOW());
INSERT INTO anjob.SKILL_MST(SKILL_ID, INDUSTRY_ID, JOBTYPE_ID, SKILL_NM, CREATE_TIME, CREATE_BY, UPDATE_TIME) VALUES(DEFAULT,6,80, '‚»‚Ì‘¼', NOW(), 'System', NOW());
INSERT INTO anjob.SKILL_MST(SKILL_ID, INDUSTRY_ID, JOBTYPE_ID, SKILL_NM, CREATE_TIME, CREATE_BY, UPDATE_TIME) VALUES(DEFAULT,6,81, '‚»‚Ì‘¼', NOW(), 'System', NOW());
INSERT INTO anjob.SKILL_MST(SKILL_ID, INDUSTRY_ID, JOBTYPE_ID, SKILL_NM, CREATE_TIME, CREATE_BY, UPDATE_TIME) VALUES(DEFAULT,6,82, '‚»‚Ì‘¼', NOW(), 'System', NOW());
INSERT INTO anjob.SKILL_MST(SKILL_ID, INDUSTRY_ID, JOBTYPE_ID, SKILL_NM, CREATE_TIME, CREATE_BY, UPDATE_TIME) VALUES(DEFAULT,6,83, '‚»‚Ì‘¼', NOW(), 'System', NOW());
INSERT INTO anjob.SKILL_MST(SKILL_ID, INDUSTRY_ID, JOBTYPE_ID, SKILL_NM, CREATE_TIME, CREATE_BY, UPDATE_TIME) VALUES(DEFAULT,7,84, '‚»‚Ì‘¼', NOW(), 'System', NOW());
INSERT INTO anjob.SKILL_MST(SKILL_ID, INDUSTRY_ID, JOBTYPE_ID, SKILL_NM, CREATE_TIME, CREATE_BY, UPDATE_TIME) VALUES(DEFAULT,7,85, '‚»‚Ì‘¼', NOW(), 'System', NOW());
INSERT INTO anjob.SKILL_MST(SKILL_ID, INDUSTRY_ID, JOBTYPE_ID, SKILL_NM, CREATE_TIME, CREATE_BY, UPDATE_TIME) VALUES(DEFAULT,7,86, '‚»‚Ì‘¼', NOW(), 'System', NOW());
INSERT INTO anjob.SKILL_MST(SKILL_ID, INDUSTRY_ID, JOBTYPE_ID, SKILL_NM, CREATE_TIME, CREATE_BY, UPDATE_TIME) VALUES(DEFAULT,7,87, '‚»‚Ì‘¼', NOW(), 'System', NOW());
INSERT INTO anjob.SKILL_MST(SKILL_ID, INDUSTRY_ID, JOBTYPE_ID, SKILL_NM, CREATE_TIME, CREATE_BY, UPDATE_TIME) VALUES(DEFAULT,7,88, '‚»‚Ì‘¼', NOW(), 'System', NOW());
INSERT INTO anjob.SKILL_MST(SKILL_ID, INDUSTRY_ID, JOBTYPE_ID, SKILL_NM, CREATE_TIME, CREATE_BY, UPDATE_TIME) VALUES(DEFAULT,8,89, '‚»‚Ì‘¼', NOW(), 'System', NOW());
INSERT INTO anjob.SKILL_MST(SKILL_ID, INDUSTRY_ID, JOBTYPE_ID, SKILL_NM, CREATE_TIME, CREATE_BY, UPDATE_TIME) VALUES(DEFAULT,8,90, '‚»‚Ì‘¼', NOW(), 'System', NOW());
INSERT INTO anjob.SKILL_MST(SKILL_ID, INDUSTRY_ID, JOBTYPE_ID, SKILL_NM, CREATE_TIME, CREATE_BY, UPDATE_TIME) VALUES(DEFAULT,8,91, '‚»‚Ì‘¼', NOW(), 'System', NOW());
INSERT INTO anjob.SKILL_MST(SKILL_ID, INDUSTRY_ID, JOBTYPE_ID, SKILL_NM, CREATE_TIME, CREATE_BY, UPDATE_TIME) VALUES(DEFAULT,8,92, '‚»‚Ì‘¼', NOW(), 'System', NOW());
INSERT INTO anjob.SKILL_MST(SKILL_ID, INDUSTRY_ID, JOBTYPE_ID, SKILL_NM, CREATE_TIME, CREATE_BY, UPDATE_TIME) VALUES(DEFAULT,8,93, '‚»‚Ì‘¼', NOW(), 'System', NOW());
INSERT INTO anjob.SKILL_MST(SKILL_ID, INDUSTRY_ID, JOBTYPE_ID, SKILL_NM, CREATE_TIME, CREATE_BY, UPDATE_TIME) VALUES(DEFAULT,8,94, '‚»‚Ì‘¼', NOW(), 'System', NOW());
INSERT INTO anjob.SKILL_MST(SKILL_ID, INDUSTRY_ID, JOBTYPE_ID, SKILL_NM, CREATE_TIME, CREATE_BY, UPDATE_TIME) VALUES(DEFAULT,8,95, '‚»‚Ì‘¼', NOW(), 'System', NOW());
INSERT INTO anjob.SKILL_MST(SKILL_ID, INDUSTRY_ID, JOBTYPE_ID, SKILL_NM, CREATE_TIME, CREATE_BY, UPDATE_TIME) VALUES(DEFAULT,8,96, '‚»‚Ì‘¼', NOW(), 'System', NOW());
INSERT INTO anjob.SKILL_MST(SKILL_ID, INDUSTRY_ID, JOBTYPE_ID, SKILL_NM, CREATE_TIME, CREATE_BY, UPDATE_TIME) VALUES(DEFAULT,8,97, '‚»‚Ì‘¼', NOW(), 'System', NOW());
INSERT INTO anjob.SKILL_MST(SKILL_ID, INDUSTRY_ID, JOBTYPE_ID, SKILL_NM, CREATE_TIME, CREATE_BY, UPDATE_TIME) VALUES(DEFAULT,9,98, '‚»‚Ì‘¼', NOW(), 'System', NOW());
INSERT INTO anjob.SKILL_MST(SKILL_ID, INDUSTRY_ID, JOBTYPE_ID, SKILL_NM, CREATE_TIME, CREATE_BY, UPDATE_TIME) VALUES(DEFAULT,9,99, '‚»‚Ì‘¼', NOW(), 'System', NOW());
INSERT INTO anjob.SKILL_MST(SKILL_ID, INDUSTRY_ID, JOBTYPE_ID, SKILL_NM, CREATE_TIME, CREATE_BY, UPDATE_TIME) VALUES(DEFAULT,9,100, '‚»‚Ì‘¼', NOW(), 'System', NOW());
INSERT INTO anjob.SKILL_MST(SKILL_ID, INDUSTRY_ID, JOBTYPE_ID, SKILL_NM, CREATE_TIME, CREATE_BY, UPDATE_TIME) VALUES(DEFAULT,9,101, '‚»‚Ì‘¼', NOW(), 'System', NOW());
INSERT INTO anjob.SKILL_MST(SKILL_ID, INDUSTRY_ID, JOBTYPE_ID, SKILL_NM, CREATE_TIME, CREATE_BY, UPDATE_TIME) VALUES(DEFAULT,9,102, '‚»‚Ì‘¼', NOW(), 'System', NOW());
INSERT INTO anjob.SKILL_MST(SKILL_ID, INDUSTRY_ID, JOBTYPE_ID, SKILL_NM, CREATE_TIME, CREATE_BY, UPDATE_TIME) VALUES(DEFAULT,9,103, '‚»‚Ì‘¼', NOW(), 'System', NOW());
INSERT INTO anjob.SKILL_MST(SKILL_ID, INDUSTRY_ID, JOBTYPE_ID, SKILL_NM, CREATE_TIME, CREATE_BY, UPDATE_TIME) VALUES(DEFAULT,9,104, '‚»‚Ì‘¼', NOW(), 'System', NOW());
INSERT INTO anjob.SKILL_MST(SKILL_ID, INDUSTRY_ID, JOBTYPE_ID, SKILL_NM, CREATE_TIME, CREATE_BY, UPDATE_TIME) VALUES(DEFAULT,9,105, '‚»‚Ì‘¼', NOW(), 'System', NOW());
INSERT INTO anjob.SKILL_MST(SKILL_ID, INDUSTRY_ID, JOBTYPE_ID, SKILL_NM, CREATE_TIME, CREATE_BY, UPDATE_TIME) VALUES(DEFAULT,9,106, '‚»‚Ì‘¼', NOW(), 'System', NOW());
INSERT INTO anjob.SKILL_MST(SKILL_ID, INDUSTRY_ID, JOBTYPE_ID, SKILL_NM, CREATE_TIME, CREATE_BY, UPDATE_TIME) VALUES(DEFAULT,9,107, '‚»‚Ì‘¼', NOW(), 'System', NOW());
INSERT INTO anjob.SKILL_MST(SKILL_ID, INDUSTRY_ID, JOBTYPE_ID, SKILL_NM, CREATE_TIME, CREATE_BY, UPDATE_TIME) VALUES(DEFAULT,9,108, '‚»‚Ì‘¼', NOW(), 'System', NOW());
INSERT INTO anjob.SKILL_MST(SKILL_ID, INDUSTRY_ID, JOBTYPE_ID, SKILL_NM, CREATE_TIME, CREATE_BY, UPDATE_TIME) VALUES(DEFAULT,9,109, '‚»‚Ì‘¼', NOW(), 'System', NOW());
INSERT INTO anjob.SKILL_MST(SKILL_ID, INDUSTRY_ID, JOBTYPE_ID, SKILL_NM, CREATE_TIME, CREATE_BY, UPDATE_TIME) VALUES(DEFAULT,9,110, '‚»‚Ì‘¼', NOW(), 'System', NOW());
INSERT INTO anjob.SKILL_MST(SKILL_ID, INDUSTRY_ID, JOBTYPE_ID, SKILL_NM, CREATE_TIME, CREATE_BY, UPDATE_TIME) VALUES(DEFAULT,9,111, '‚»‚Ì‘¼', NOW(), 'System', NOW());
INSERT INTO anjob.SKILL_MST(SKILL_ID, INDUSTRY_ID, JOBTYPE_ID, SKILL_NM, CREATE_TIME, CREATE_BY, UPDATE_TIME) VALUES(DEFAULT,9,112, '‚»‚Ì‘¼', NOW(), 'System', NOW());
INSERT INTO anjob.SKILL_MST(SKILL_ID, INDUSTRY_ID, JOBTYPE_ID, SKILL_NM, CREATE_TIME, CREATE_BY, UPDATE_TIME) VALUES(DEFAULT,9,113, '‚»‚Ì‘¼', NOW(), 'System', NOW());
INSERT INTO anjob.SKILL_MST(SKILL_ID, INDUSTRY_ID, JOBTYPE_ID, SKILL_NM, CREATE_TIME, CREATE_BY, UPDATE_TIME) VALUES(DEFAULT,9,114, '‚»‚Ì‘¼', NOW(), 'System', NOW());
INSERT INTO anjob.SKILL_MST(SKILL_ID, INDUSTRY_ID, JOBTYPE_ID, SKILL_NM, CREATE_TIME, CREATE_BY, UPDATE_TIME) VALUES(DEFAULT,9,115, '‚»‚Ì‘¼', NOW(), 'System', NOW());
INSERT INTO anjob.SKILL_MST(SKILL_ID, INDUSTRY_ID, JOBTYPE_ID, SKILL_NM, CREATE_TIME, CREATE_BY, UPDATE_TIME) VALUES(DEFAULT,9,116, '‚»‚Ì‘¼', NOW(), 'System', NOW());
INSERT INTO anjob.SKILL_MST(SKILL_ID, INDUSTRY_ID, JOBTYPE_ID, SKILL_NM, CREATE_TIME, CREATE_BY, UPDATE_TIME) VALUES(DEFAULT,9,117, '‚»‚Ì‘¼', NOW(), 'System', NOW());
INSERT INTO anjob.SKILL_MST(SKILL_ID, INDUSTRY_ID, JOBTYPE_ID, SKILL_NM, CREATE_TIME, CREATE_BY, UPDATE_TIME) VALUES(DEFAULT,9,118, '‚»‚Ì‘¼', NOW(), 'System', NOW());
INSERT INTO anjob.SKILL_MST(SKILL_ID, INDUSTRY_ID, JOBTYPE_ID, SKILL_NM, CREATE_TIME, CREATE_BY, UPDATE_TIME) VALUES(DEFAULT,9,119, '‚»‚Ì‘¼', NOW(), 'System', NOW());
INSERT INTO anjob.SKILL_MST(SKILL_ID, INDUSTRY_ID, JOBTYPE_ID, SKILL_NM, CREATE_TIME, CREATE_BY, UPDATE_TIME) VALUES(DEFAULT,9,120, '‚»‚Ì‘¼', NOW(), 'System', NOW());
INSERT INTO anjob.SKILL_MST(SKILL_ID, INDUSTRY_ID, JOBTYPE_ID, SKILL_NM, CREATE_TIME, CREATE_BY, UPDATE_TIME) VALUES(DEFAULT,10,121, '‚»‚Ì‘¼', NOW(), 'System', NOW());
INSERT INTO anjob.SKILL_MST(SKILL_ID, INDUSTRY_ID, JOBTYPE_ID, SKILL_NM, CREATE_TIME, CREATE_BY, UPDATE_TIME) VALUES(DEFAULT,10,122, '‚»‚Ì‘¼', NOW(), 'System', NOW());
INSERT INTO anjob.SKILL_MST(SKILL_ID, INDUSTRY_ID, JOBTYPE_ID, SKILL_NM, CREATE_TIME, CREATE_BY, UPDATE_TIME) VALUES(DEFAULT,10,123, '‚»‚Ì‘¼', NOW(), 'System', NOW());
INSERT INTO anjob.SKILL_MST(SKILL_ID, INDUSTRY_ID, JOBTYPE_ID, SKILL_NM, CREATE_TIME, CREATE_BY, UPDATE_TIME) VALUES(DEFAULT,10,124, '‚»‚Ì‘¼', NOW(), 'System', NOW());
INSERT INTO anjob.SKILL_MST(SKILL_ID, INDUSTRY_ID, JOBTYPE_ID, SKILL_NM, CREATE_TIME, CREATE_BY, UPDATE_TIME) VALUES(DEFAULT,10,125, '‚»‚Ì‘¼', NOW(), 'System', NOW());
INSERT INTO anjob.SKILL_MST(SKILL_ID, INDUSTRY_ID, JOBTYPE_ID, SKILL_NM, CREATE_TIME, CREATE_BY, UPDATE_TIME) VALUES(DEFAULT,10,126, '‚»‚Ì‘¼', NOW(), 'System', NOW());
INSERT INTO anjob.SKILL_MST(SKILL_ID, INDUSTRY_ID, JOBTYPE_ID, SKILL_NM, CREATE_TIME, CREATE_BY, UPDATE_TIME) VALUES(DEFAULT,10,127, '‚»‚Ì‘¼', NOW(), 'System', NOW());
INSERT INTO anjob.SKILL_MST(SKILL_ID, INDUSTRY_ID, JOBTYPE_ID, SKILL_NM, CREATE_TIME, CREATE_BY, UPDATE_TIME) VALUES(DEFAULT,10,128, '‚»‚Ì‘¼', NOW(), 'System', NOW());
INSERT INTO anjob.SKILL_MST(SKILL_ID, INDUSTRY_ID, JOBTYPE_ID, SKILL_NM, CREATE_TIME, CREATE_BY, UPDATE_TIME) VALUES(DEFAULT,10,129, '‚»‚Ì‘¼', NOW(), 'System', NOW());
INSERT INTO anjob.SKILL_MST(SKILL_ID, INDUSTRY_ID, JOBTYPE_ID, SKILL_NM, CREATE_TIME, CREATE_BY, UPDATE_TIME) VALUES(DEFAULT,10,130, '‚»‚Ì‘¼', NOW(), 'System', NOW());
INSERT INTO anjob.SKILL_MST(SKILL_ID, INDUSTRY_ID, JOBTYPE_ID, SKILL_NM, CREATE_TIME, CREATE_BY, UPDATE_TIME) VALUES(DEFAULT,10,131, '‚»‚Ì‘¼', NOW(), 'System', NOW());
INSERT INTO anjob.SKILL_MST(SKILL_ID, INDUSTRY_ID, JOBTYPE_ID, SKILL_NM, CREATE_TIME, CREATE_BY, UPDATE_TIME) VALUES(DEFAULT,10,132, '‚»‚Ì‘¼', NOW(), 'System', NOW());
INSERT INTO anjob.SKILL_MST(SKILL_ID, INDUSTRY_ID, JOBTYPE_ID, SKILL_NM, CREATE_TIME, CREATE_BY, UPDATE_TIME) VALUES(DEFAULT,11,133, '‚»‚Ì‘¼', NOW(), 'System', NOW());
INSERT INTO anjob.SKILL_MST(SKILL_ID, INDUSTRY_ID, JOBTYPE_ID, SKILL_NM, CREATE_TIME, CREATE_BY, UPDATE_TIME) VALUES(DEFAULT,11,134, '‚»‚Ì‘¼', NOW(), 'System', NOW());
INSERT INTO anjob.SKILL_MST(SKILL_ID, INDUSTRY_ID, JOBTYPE_ID, SKILL_NM, CREATE_TIME, CREATE_BY, UPDATE_TIME) VALUES(DEFAULT,11,135, '‚»‚Ì‘¼', NOW(), 'System', NOW());
INSERT INTO anjob.SKILL_MST(SKILL_ID, INDUSTRY_ID, JOBTYPE_ID, SKILL_NM, CREATE_TIME, CREATE_BY, UPDATE_TIME) VALUES(DEFAULT,11,136, '‚»‚Ì‘¼', NOW(), 'System', NOW());
INSERT INTO anjob.SKILL_MST(SKILL_ID, INDUSTRY_ID, JOBTYPE_ID, SKILL_NM, CREATE_TIME, CREATE_BY, UPDATE_TIME) VALUES(DEFAULT,11,137, '‚»‚Ì‘¼', NOW(), 'System', NOW());
INSERT INTO anjob.SKILL_MST(SKILL_ID, INDUSTRY_ID, JOBTYPE_ID, SKILL_NM, CREATE_TIME, CREATE_BY, UPDATE_TIME) VALUES(DEFAULT,11,138, '‚»‚Ì‘¼', NOW(), 'System', NOW());
INSERT INTO anjob.SKILL_MST(SKILL_ID, INDUSTRY_ID, JOBTYPE_ID, SKILL_NM, CREATE_TIME, CREATE_BY, UPDATE_TIME) VALUES(DEFAULT,11,139, '‚»‚Ì‘¼', NOW(), 'System', NOW());
INSERT INTO anjob.SKILL_MST(SKILL_ID, INDUSTRY_ID, JOBTYPE_ID, SKILL_NM, CREATE_TIME, CREATE_BY, UPDATE_TIME) VALUES(DEFAULT,11,140, '‚»‚Ì‘¼', NOW(), 'System', NOW());
INSERT INTO anjob.SKILL_MST(SKILL_ID, INDUSTRY_ID, JOBTYPE_ID, SKILL_NM, CREATE_TIME, CREATE_BY, UPDATE_TIME) VALUES(DEFAULT,11,141, '‚»‚Ì‘¼', NOW(), 'System', NOW());
INSERT INTO anjob.SKILL_MST(SKILL_ID, INDUSTRY_ID, JOBTYPE_ID, SKILL_NM, CREATE_TIME, CREATE_BY, UPDATE_TIME) VALUES(DEFAULT,11,142, '‚»‚Ì‘¼', NOW(), 'System', NOW());
INSERT INTO anjob.SKILL_MST(SKILL_ID, INDUSTRY_ID, JOBTYPE_ID, SKILL_NM, CREATE_TIME, CREATE_BY, UPDATE_TIME) VALUES(DEFAULT,11,143, '‚»‚Ì‘¼', NOW(), 'System', NOW());
INSERT INTO anjob.SKILL_MST(SKILL_ID, INDUSTRY_ID, JOBTYPE_ID, SKILL_NM, CREATE_TIME, CREATE_BY, UPDATE_TIME) VALUES(DEFAULT,11,144, '‚»‚Ì‘¼', NOW(), 'System', NOW());
INSERT INTO anjob.SKILL_MST(SKILL_ID, INDUSTRY_ID, JOBTYPE_ID, SKILL_NM, CREATE_TIME, CREATE_BY, UPDATE_TIME) VALUES(DEFAULT,11,145, '‚»‚Ì‘¼', NOW(), 'System', NOW());
INSERT INTO anjob.SKILL_MST(SKILL_ID, INDUSTRY_ID, JOBTYPE_ID, SKILL_NM, CREATE_TIME, CREATE_BY, UPDATE_TIME) VALUES(DEFAULT,11,146, '‚»‚Ì‘¼', NOW(), 'System', NOW());
INSERT INTO anjob.SKILL_MST(SKILL_ID, INDUSTRY_ID, JOBTYPE_ID, SKILL_NM, CREATE_TIME, CREATE_BY, UPDATE_TIME) VALUES(DEFAULT,12,147, '‚»‚Ì‘¼', NOW(), 'System', NOW());
INSERT INTO anjob.SKILL_MST(SKILL_ID, INDUSTRY_ID, JOBTYPE_ID, SKILL_NM, CREATE_TIME, CREATE_BY, UPDATE_TIME) VALUES(DEFAULT,12,148, '‚»‚Ì‘¼', NOW(), 'System', NOW());
INSERT INTO anjob.SKILL_MST(SKILL_ID, INDUSTRY_ID, JOBTYPE_ID, SKILL_NM, CREATE_TIME, CREATE_BY, UPDATE_TIME) VALUES(DEFAULT,12,149, '‚»‚Ì‘¼', NOW(), 'System', NOW());
INSERT INTO anjob.SKILL_MST(SKILL_ID, INDUSTRY_ID, JOBTYPE_ID, SKILL_NM, CREATE_TIME, CREATE_BY, UPDATE_TIME) VALUES(DEFAULT,12,150, '‚»‚Ì‘¼', NOW(), 'System', NOW());
INSERT INTO anjob.SKILL_MST(SKILL_ID, INDUSTRY_ID, JOBTYPE_ID, SKILL_NM, CREATE_TIME, CREATE_BY, UPDATE_TIME) VALUES(DEFAULT,13,151, '‚»‚Ì‘¼', NOW(), 'System', NOW());
INSERT INTO anjob.SKILL_MST(SKILL_ID, INDUSTRY_ID, JOBTYPE_ID, SKILL_NM, CREATE_TIME, CREATE_BY, UPDATE_TIME) VALUES(DEFAULT,13,152, '‚»‚Ì‘¼', NOW(), 'System', NOW());
INSERT INTO anjob.SKILL_MST(SKILL_ID, INDUSTRY_ID, JOBTYPE_ID, SKILL_NM, CREATE_TIME, CREATE_BY, UPDATE_TIME) VALUES(DEFAULT,13,153, '‚»‚Ì‘¼', NOW(), 'System', NOW());
INSERT INTO anjob.SKILL_MST(SKILL_ID, INDUSTRY_ID, JOBTYPE_ID, SKILL_NM, CREATE_TIME, CREATE_BY, UPDATE_TIME) VALUES(DEFAULT,13,154, '‚»‚Ì‘¼', NOW(), 'System', NOW());
INSERT INTO anjob.SKILL_MST(SKILL_ID, INDUSTRY_ID, JOBTYPE_ID, SKILL_NM, CREATE_TIME, CREATE_BY, UPDATE_TIME) VALUES(DEFAULT,13,155, '‚»‚Ì‘¼', NOW(), 'System', NOW());
INSERT INTO anjob.SKILL_MST(SKILL_ID, INDUSTRY_ID, JOBTYPE_ID, SKILL_NM, CREATE_TIME, CREATE_BY, UPDATE_TIME) VALUES(DEFAULT,13,156, '‚»‚Ì‘¼', NOW(), 'System', NOW());
INSERT INTO anjob.SKILL_MST(SKILL_ID, INDUSTRY_ID, JOBTYPE_ID, SKILL_NM, CREATE_TIME, CREATE_BY, UPDATE_TIME) VALUES(DEFAULT,13,157, '‚»‚Ì‘¼', NOW(), 'System', NOW());
INSERT INTO anjob.SKILL_MST(SKILL_ID, INDUSTRY_ID, JOBTYPE_ID, SKILL_NM, CREATE_TIME, CREATE_BY, UPDATE_TIME) VALUES(DEFAULT,13,158, '‚»‚Ì‘¼', NOW(), 'System', NOW());
INSERT INTO anjob.SKILL_MST(SKILL_ID, INDUSTRY_ID, JOBTYPE_ID, SKILL_NM, CREATE_TIME, CREATE_BY, UPDATE_TIME) VALUES(DEFAULT,13,159, '‚»‚Ì‘¼', NOW(), 'System', NOW());
INSERT INTO anjob.SKILL_MST(SKILL_ID, INDUSTRY_ID, JOBTYPE_ID, SKILL_NM, CREATE_TIME, CREATE_BY, UPDATE_TIME) VALUES(DEFAULT,14,160, '‚»‚Ì‘¼', NOW(), 'System', NOW());
INSERT INTO anjob.SKILL_MST(SKILL_ID, INDUSTRY_ID, JOBTYPE_ID, SKILL_NM, CREATE_TIME, CREATE_BY, UPDATE_TIME) VALUES(DEFAULT,14,161, '‚»‚Ì‘¼', NOW(), 'System', NOW());
INSERT INTO anjob.SKILL_MST(SKILL_ID, INDUSTRY_ID, JOBTYPE_ID, SKILL_NM, CREATE_TIME, CREATE_BY, UPDATE_TIME) VALUES(DEFAULT,14,162, '‚»‚Ì‘¼', NOW(), 'System', NOW());
INSERT INTO anjob.SKILL_MST(SKILL_ID, INDUSTRY_ID, JOBTYPE_ID, SKILL_NM, CREATE_TIME, CREATE_BY, UPDATE_TIME) VALUES(DEFAULT,14,163, '‚»‚Ì‘¼', NOW(), 'System', NOW());
INSERT INTO anjob.SKILL_MST(SKILL_ID, INDUSTRY_ID, JOBTYPE_ID, SKILL_NM, CREATE_TIME, CREATE_BY, UPDATE_TIME) VALUES(DEFAULT,14,164, '‚»‚Ì‘¼', NOW(), 'System', NOW());
INSERT INTO anjob.SKILL_MST(SKILL_ID, INDUSTRY_ID, JOBTYPE_ID, SKILL_NM, CREATE_TIME, CREATE_BY, UPDATE_TIME) VALUES(DEFAULT,14,165, '‚»‚Ì‘¼', NOW(), 'System', NOW());
INSERT INTO anjob.SKILL_MST(SKILL_ID, INDUSTRY_ID, JOBTYPE_ID, SKILL_NM, CREATE_TIME, CREATE_BY, UPDATE_TIME) VALUES(DEFAULT,14,166, '‚»‚Ì‘¼', NOW(), 'System', NOW());
INSERT INTO anjob.SKILL_MST(SKILL_ID, INDUSTRY_ID, JOBTYPE_ID, SKILL_NM, CREATE_TIME, CREATE_BY, UPDATE_TIME) VALUES(DEFAULT,14,167, '‚»‚Ì‘¼', NOW(), 'System', NOW());
INSERT INTO anjob.SKILL_MST(SKILL_ID, INDUSTRY_ID, JOBTYPE_ID, SKILL_NM, CREATE_TIME, CREATE_BY, UPDATE_TIME) VALUES(DEFAULT,14,168, '‚»‚Ì‘¼', NOW(), 'System', NOW());
INSERT INTO anjob.SKILL_MST(SKILL_ID, INDUSTRY_ID, JOBTYPE_ID, SKILL_NM, CREATE_TIME, CREATE_BY, UPDATE_TIME) VALUES(DEFAULT,14,169, '‚»‚Ì‘¼', NOW(), 'System', NOW());
INSERT INTO anjob.SKILL_MST(SKILL_ID, INDUSTRY_ID, JOBTYPE_ID, SKILL_NM, CREATE_TIME, CREATE_BY, UPDATE_TIME) VALUES(DEFAULT,14,170, '‚»‚Ì‘¼', NOW(), 'System', NOW());
INSERT INTO anjob.SKILL_MST(SKILL_ID, INDUSTRY_ID, JOBTYPE_ID, SKILL_NM, CREATE_TIME, CREATE_BY, UPDATE_TIME) VALUES(DEFAULT,14,171, '‚»‚Ì‘¼', NOW(), 'System', NOW());
INSERT INTO anjob.SKILL_MST(SKILL_ID, INDUSTRY_ID, JOBTYPE_ID, SKILL_NM, CREATE_TIME, CREATE_BY, UPDATE_TIME) VALUES(DEFAULT,14,172, '‚»‚Ì‘¼', NOW(), 'System', NOW());
INSERT INTO anjob.SKILL_MST(SKILL_ID, INDUSTRY_ID, JOBTYPE_ID, SKILL_NM, CREATE_TIME, CREATE_BY, UPDATE_TIME) VALUES(DEFAULT,14,173, '‚»‚Ì‘¼', NOW(), 'System', NOW());
INSERT INTO anjob.SKILL_MST(SKILL_ID, INDUSTRY_ID, JOBTYPE_ID, SKILL_NM, CREATE_TIME, CREATE_BY, UPDATE_TIME) VALUES(DEFAULT,15,174, '‚»‚Ì‘¼', NOW(), 'System', NOW());
INSERT INTO anjob.SKILL_MST(SKILL_ID, INDUSTRY_ID, JOBTYPE_ID, SKILL_NM, CREATE_TIME, CREATE_BY, UPDATE_TIME) VALUES(DEFAULT,15,175, '‚»‚Ì‘¼', NOW(), 'System', NOW());
INSERT INTO anjob.SKILL_MST(SKILL_ID, INDUSTRY_ID, JOBTYPE_ID, SKILL_NM, CREATE_TIME, CREATE_BY, UPDATE_TIME) VALUES(DEFAULT,15,176, '‚»‚Ì‘¼', NOW(), 'System', NOW());
INSERT INTO anjob.SKILL_MST(SKILL_ID, INDUSTRY_ID, JOBTYPE_ID, SKILL_NM, CREATE_TIME, CREATE_BY, UPDATE_TIME) VALUES(DEFAULT,15,177, '‚»‚Ì‘¼', NOW(), 'System', NOW());
INSERT INTO anjob.SKILL_MST(SKILL_ID, INDUSTRY_ID, JOBTYPE_ID, SKILL_NM, CREATE_TIME, CREATE_BY, UPDATE_TIME) VALUES(DEFAULT,15,178, '‚»‚Ì‘¼', NOW(), 'System', NOW());
INSERT INTO anjob.SKILL_MST(SKILL_ID, INDUSTRY_ID, JOBTYPE_ID, SKILL_NM, CREATE_TIME, CREATE_BY, UPDATE_TIME) VALUES(DEFAULT,15,179, '‚»‚Ì‘¼', NOW(), 'System', NOW());
INSERT INTO anjob.SKILL_MST(SKILL_ID, INDUSTRY_ID, JOBTYPE_ID, SKILL_NM, CREATE_TIME, CREATE_BY, UPDATE_TIME) VALUES(DEFAULT,15,180, '‚»‚Ì‘¼', NOW(), 'System', NOW());
INSERT INTO anjob.SKILL_MST(SKILL_ID, INDUSTRY_ID, JOBTYPE_ID, SKILL_NM, CREATE_TIME, CREATE_BY, UPDATE_TIME) VALUES(DEFAULT,15,181, '‚»‚Ì‘¼', NOW(), 'System', NOW());
INSERT INTO anjob.SKILL_MST(SKILL_ID, INDUSTRY_ID, JOBTYPE_ID, SKILL_NM, CREATE_TIME, CREATE_BY, UPDATE_TIME) VALUES(DEFAULT,15,182, '‚»‚Ì‘¼', NOW(), 'System', NOW());
